Date,Away Team,Home Team,Away Final,Home Final,Away Record After,Home Record After,Away Rank Prior,Home Rank Prior
"Week 1, 2019",notre dame,louisville,18.0,-18.0,(1-0),(0-1),9,Unranked
"Week 1, 2019",houston,oklahoma,-18.0,18.0,(0-1),(1-0),Unranked,4
"Week 1, 2019",ole miss,memphis,-5.0,5.0,(0-1),(1-0),Unranked,Unranked
"Week 1, 2019",fcs_team,fcs_team,10.0,-10.0,(1-0),(0-1),Unranked,Unranked
"Week 1, 2019",south alabama,nebraska,-14.0,14.0,(0-1),(1-0),Unranked,24
"Week 1, 2019",indiana,ball state,10.0,-10.0,(1-0),(0-1),Unranked,Unranked
"Week 1, 2019",boise state,florida state,5.0,-5.0,(1-0),(0-1),Unranked,Unranked
"Week 1, 2019",fcs_team,iowa state,0.0,0.0,(0-1),(1-0),Unranked,21
"Week 1, 2019",fcs_team,kansas,-7.0,7.0,(0-1),(1-0),Unranked,Unranked
"Week 1, 2019",toledo,kentucky,-14.0,14.0,(0-1),(1-0),Unranked,Unranked
"Week 1, 2019",fcs_team,maryland,-79.0,79.0,(0-1),(1-0),Unranked,Unranked
"Week 1, 2019",east carolina,nc state,-28.0,28.0,(0-1),(1-0),Unranked,Unranked
"Week 1, 2019",akron,illinois,-39.0,39.0,(0-1),(1-0),Unranked,Unranked
"Week 1, 2019",fau,fcs_team,-24.0,24.0,(0-1),(1-0),Unranked,5
"Week 1, 2019",fcs_team,west virginia,-7.0,7.0,(0-1),(1-0),Unranked,Unranked
"Week 1, 2019",fcs_team,ohio,-21.0,21.0,(0-1),(1-0),Unranked,Unranked
"Week 1, 2019",fcs_team,washington,-33.0,33.0,(0-1),(1-0),Unranked,13
"Week 1, 2019",fcs_team,temple,-44.0,44.0,(0-1),(1-0),Unranked,Unranked
"Week 1, 2019",georgia state,tennessee,8.0,-8.0,(1-0),(0-1),Unranked,Unranked
"Week 1, 2019",fcs_team,fcs_team,-35.0,35.0,(0-1),(1-0),Unranked,Unranked
"Week 1, 2019",duke,alabama,-39.0,39.0,(0-1),(1-0),Unranked,2
"Week 1, 2019",idaho,penn state,-72.0,72.0,(0-1),(1-0),Unranked,15
"Week 1, 2019",fcs_team,air force,-41.0,41.0,(0-2),(1-0),Unranked,Unranked
"Week 1, 2019",south carolina,north carolina,-4.0,4.0,(0-1),(1-0),Unranked,Unranked
"Week 1, 2019",eastern michigan,fcs_team,7.0,-7.0,(1-0),(0-1),Unranked,Unranked
"Week 1, 2019",fcs_team,navy,-38.0,38.0,(0-1),(1-0),Unranked,Unranked
"Week 1, 2019",northwestern,stanford,-10.0,10.0,(0-1),(1-0),Unranked,25
"Week 1, 2019",fcs_team,texas tech,-35.0,35.0,(0-1),(1-0),Unranked,Unranked
"Week 1, 2019",fcs_team,arkansas,-7.0,7.0,(0-1),(1-0),Unranked,Unranked
"Week 1, 2019",virginia tech,boston college,-7.0,7.0,(0-1),(1-0),Unranked,Unranked
"Week 1, 2019",fcs_team,fcs_team,-8.0,8.0,(0-1),(1-0),Unranked,Unranked
"Week 1, 2019",fcs_team,utsa,-28.0,28.0,(0-1),(1-0),Unranked,Unranked
"Week 1, 2019",syracuse,fcs_team,24.0,-24.0,(1-0),(0-1),22,Unranked
"Week 1, 2019",fcs_team,troy,-29.0,29.0,(0-1),(1-0),Unranked,Unranked
"Week 1, 2019",fcs_team,california,-14.0,14.0,(0-1),(1-0),Unranked,Unranked
"Week 1, 2019",fcs_team,marshall,-39.0,39.0,(0-1),(1-0),Unranked,Unranked
"Week 1, 2019",fcs_team,fcs_team,-14.0,14.0,(0-1),(1-0),Unranked,Unranked
"Week 1, 2019",fcs_team,southern miss,-28.0,28.0,(0-1),(1-0),Unranked,Unranked
"Week 1, 2019",fcs_team,kansas state,-35.0,35.0,(0-1),(1-0),Unranked,Unranked
"Week 1, 2019",fcs_team,baylor,-39.0,39.0,(0-1),(1-0),Unranked,Unranked
"Week 1, 2019",fcs_team,western michigan,-35.0,35.0,(0-1),(1-0),Unranked,Unranked
"Week 1, 2019",smu,arkansas state,7.0,-7.0,(1-0),(0-1),Unranked,Unranked
"Week 1, 2019",fcs_team,old dominion,-3.0,3.0,(0-1),(1-0),Unranked,Unranked
"Week 1, 2019",georgia,vanderbilt,24.0,-24.0,(1-0),(0-1),3,Unranked
"Week 1, 2019",oregon,auburn,-6.0,6.0,(0-1),(1-0),11,16
"Week 1, 2019",fcs_team,north texas,-20.0,20.0,(0-1),(1-0),Unranked,Unranked
"Week 1, 2019",missouri,wyoming,-6.0,6.0,(0-1),(1-0),Unranked,Unranked
"Week 1, 2019",fcs_team,iowa,-24.0,24.0,(0-1),(1-0),Unranked,20
"Week 1, 2019",fcs_team,michigan,-19.0,19.0,(0-1),(1-0),Unranked,7
"Week 1, 2019",virginia,pittsburgh,16.0,-16.0,(1-0),(0-1),Unranked,Unranked
"Week 1, 2019",georgia southern,lsu,-52.0,52.0,(0-1),(1-0),Unranked,6
"Week 1, 2019",fcs_team,fcs_team,-22.0,22.0,(0-1),(1-0),Unranked,Unranked
"Week 1, 2019",fcs_team,utep,-2.0,2.0,(0-1),(1-0),Unranked,Unranked
"Week 1, 2019",fcs_team,tcu,-32.0,32.0,(0-1),(1-0),Unranked,Unranked
"Week 1, 2019",louisiana tech,texas,-31.0,31.0,(0-1),(1-0),Unranked,10
"Week 1, 2019",fcs_team,san diego state,-6.0,6.0,(0-1),(1-0),Unranked,Unranked
"Week 1, 2019",fcs_team,unlv,-33.0,33.0,(0-1),(1-0),Unranked,Unranked
"Week 1, 2019",new mexico state,washington state,-51.0,51.0,(0-1),(1-0),Unranked,23
"Week 1, 2019",fresno state,usc,-8.0,8.0,(0-1),(1-0),Unranked,Unranked
"Week 1, 2019",rice,army,-7.0,7.0,(0-1),(1-0),Unranked,Unranked
"Week 1, 2019",wisconsin,south florida,49.0,-49.0,(1-0),(0-1),19,Unranked
"Week 1, 2019",tulsa,michigan state,-21.0,21.0,(0-1),(1-0),Unranked,18
"Week 1, 2019",massachusetts,rutgers,-27.0,27.0,(0-1),(1-0),Unranked,Unranked
"Week 1, 2019",utah state,wake forest,-3.0,3.0,(0-1),(1-0),Unranked,Unranked
"Week 1, 2019",purdue,nevada,-3.0,3.0,(0-1),(1-0),Unranked,Unranked
"Week 1, 2019",colorado state,colorado,-21.0,21.0,(0-1),(1-0),Unranked,Unranked
"Week 1, 2019",oklahoma state,oregon state,16.0,-16.0,(1-0),(0-1),Unranked,Unranked
"Week 1, 2019",fcs_team,connecticut,-3.0,3.0,(0-1),(1-0),Unranked,Unranked
"Week 1, 2019",fcs_team,bowling green,-43.0,43.0,(0-1),(1-0),Unranked,Unranked
"Week 1, 2019",ucla,cincinnati,-10.0,10.0,(0-1),(1-0),Unranked,Unranked
"Week 1, 2019",fcs_team,central michigan,-17.0,17.0,(0-1),(1-0),Unranked,Unranked
"Week 1, 2019",fcs_team,buffalo,-28.0,28.0,(0-1),(1-0),Unranked,Unranked
"Week 1, 2019",fcs_team,western kentucky,7.0,-7.0,(1-0),(0-1),Unranked,Unranked
"Week 1, 2019",fcs_team,charlotte,-21.0,21.0,(0-1),(1-0),Unranked,Unranked
"Week 1, 2019",fcs_team,ucf,-62.0,62.0,(0-1),(1-0),Unranked,17
"Week 1, 2019",fcs_team,fcs_team,-5.0,5.0,(0-1),(1-0),Unranked,Unranked
"Week 1, 2019",georgia tech,clemson,-38.0,38.0,(0-1),(1-0),Unranked,1
"Week 1, 2019",fiu,tulane,-28.0,28.0,(0-1),(1-0),Unranked,Unranked
"Week 1, 2019",texas state,texas a&m,-34.0,34.0,(0-1),(1-0),Unranked,12
"Week 1, 2019",fcs_team,fcs_team,-7.0,7.0,(0-1),(1-0),Unranked,Unranked
"Week 1, 2019",fcs_team,san jose state,-17.0,17.0,(0-1),(1-0),Unranked,Unranked
"Week 1, 2019",kent state,arizona state,-23.0,23.0,(0-1),(1-0),Unranked,Unranked
"Week 1, 2019",utah,brigham young,18.0,-18.0,(1-0),(0-1),14,Unranked
"Week 1, 2019",fcs_team,florida,-4.0,4.0,(0-1),(1-0),Unranked,8
"Week 1, 2019",arizona,hawaii,-7.0,7.0,(0-1),(1-0),Unranked,Unranked
"Week 2, 2019",oregon state,hawaii,-3.0,3.0,(0-2),(2-0),Unranked,Unranked
"Week 2, 2019",ohio,pittsburgh,-10.0,10.0,(1-1),(1-1),Unranked,Unranked
"Week 2, 2019",old dominion,virginia tech,-14.0,14.0,(1-1),(1-1),Unranked,Unranked
"Week 2, 2019",rutgers,iowa,-30.0,30.0,(1-1),(2-0),Unranked,20
"Week 2, 2019",fcs_team,memphis,-31.0,31.0,(0-2),(2-0),Unranked,Unranked
"Week 2, 2019",west virginia,missouri,-31.0,31.0,(1-1),(1-1),Unranked,Unranked
"Week 2, 2019",bowling green,kansas state,-52.0,52.0,(1-1),(2-0),Unranked,Unranked
"Week 2, 2019",fcs_team,south carolina,-62.0,62.0,(0-2),(1-1),Unranked,Unranked
"Week 2, 2019",fcs_team,kent state,-3.0,3.0,(1-1),(1-1),Unranked,Unranked
"Week 2, 2019",fcs_team,akron,11.0,-11.0,(2-0),(0-2),Unranked,Unranked
"Week 2, 2019",vanderbilt,purdue,-18.0,18.0,(0-2),(1-1),Unranked,Unranked
"Week 2, 2019",syracuse,maryland,-43.0,43.0,(1-1),(2-0),21,Unranked
"Week 2, 2019",army,michigan,0.0,0.0,(1-1),(2-0),Unranked,7
"Week 2, 2019",cincinnati,ohio state,-42.0,42.0,(1-1),(2-0),Unranked,5
"Week 2, 2019",fcs_team,nc state,-41.0,41.0,(0-2),(2-0),Unranked,Unranked
"Week 2, 2019",fcs_team,utah,-18.0,18.0,(1-1),(2-0),Unranked,13
"Week 2, 2019",south florida,georgia tech,-4.0,4.0,(0-2),(1-1),Unranked,Unranked
"Week 2, 2019",fcs_team,ball state,-28.0,28.0,(0-2),(1-1),Unranked,Unranked
"Week 2, 2019",fcs_team,fcs_team,-31.0,31.0,(1-1),(1-1),Unranked,Unranked
"Week 2, 2019",fcs_team,fcs_team,-23.0,23.0,(1-1),(2-0),Unranked,Unranked
"Week 2, 2019",nebraska,colorado,-3.0,3.0,(1-1),(2-0),25,Unranked
"Week 2, 2019",fcs_team,massachusetts,25.0,-25.0,(1-1),(0-2),Unranked,Unranked
"Week 2, 2019",central michigan,wisconsin,-61.0,61.0,(1-1),(2-0),Unranked,17
"Week 2, 2019",fcs_team,louisiana tech,-6.0,6.0,(0-2),(1-1),Unranked,Unranked
"Week 2, 2019",fcs_team,indiana,-52.0,52.0,(0-2),(2-0),Unranked,Unranked
"Week 2, 2019",fcs_team,boston college,-32.0,32.0,(1-1),(2-0),Unranked,Unranked
"Week 2, 2019",charlotte,fcs_team,-15.0,15.0,(1-1),(2-0),Unranked,Unranked
"Week 2, 2019",texas a&m,clemson,-14.0,14.0,(1-1),(2-0),12,1
"Week 2, 2019",illinois,connecticut,8.0,-8.0,(2-0),(1-1),Unranked,Unranked
"Week 2, 2019",utsa,baylor,-49.0,49.0,(1-1),(2-0),Unranked,Unranked
"Week 2, 2019",fcs_team,fcs_team,-25.0,25.0,(0-2),(1-1),Unranked,Unranked
"Week 2, 2019",new mexico state,alabama,-52.0,52.0,(0-2),(2-0),Unranked,2
"Week 2, 2019",fcs_team,georgia,-46.0,46.0,(1-1),(2-0),Unranked,3
"Week 2, 2019",san diego state,ucla,9.0,-9.0,(2-0),(0-2),Unranked,Unranked
"Week 2, 2019",fcs_team,washington state,-42.0,42.0,(0-2),(2-0),Unranked,22
"Week 2, 2019",fcs_team,fcs_team,-1.0,1.0,(1-1),(1-1),Unranked,Unranked
"Week 2, 2019",fcs_team,duke,-32.0,32.0,(1-1),(1-1),Unranked,Unranked
"Week 2, 2019",fcs_team,georgia southern,-8.0,8.0,(1-1),(1-1),Unranked,Unranked
"Week 2, 2019",fcs_team,east carolina,-39.0,39.0,(0-2),(1-1),Unranked,Unranked
"Week 2, 2019",fcs_team,oklahoma state,-42.0,42.0,(1-1),(2-0),Unranked,Unranked
"Week 2, 2019",north texas,smu,-22.0,22.0,(1-1),(2-0),Unranked,Unranked
"Week 2, 2019",fcs_team,oklahoma,-56.0,56.0,(0-2),(2-0),Unranked,4
"Week 2, 2019",wyoming,texas state,9.0,-9.0,(2-0),(0-2),Unranked,Unranked
"Week 2, 2019",fcs_team,south alabama,-23.0,23.0,(0-2),(1-1),Unranked,Unranked
"Week 2, 2019",fcs_team,fcs_team,-19.0,19.0,(1-1),(1-1),Unranked,Unranked
"Week 2, 2019",fcs_team,georgia state,-6.0,6.0,(1-1),(2-0),Unranked,Unranked
"Week 2, 2019",western kentucky,fiu,6.0,-6.0,(1-1),(0-2),Unranked,Unranked
"Week 2, 2019",fcs_team,louisville,-42.0,42.0,(1-1),(1-1),Unranked,Unranked
"Week 2, 2019",ucf,fau,34.0,-34.0,(2-0),(0-2),18,Unranked
"Week 2, 2019",brigham young,tennessee,0.0,0.0,(1-1),(0-2),Unranked,Unranked
"Week 2, 2019",fcs_team,fcs_team,5.0,-5.0,(1-1),(1-1),Unranked,Unranked
"Week 2, 2019",arkansas,ole miss,-14.0,14.0,(1-1),(1-1),Unranked,Unranked
"Week 2, 2019",lsu,texas,7.0,-7.0,(2-0),(1-1),6,9
"Week 2, 2019",fcs_team,utah state,-55.0,55.0,(1-1),(1-1),Unranked,Unranked
"Week 2, 2019",fcs_team,fcs_team,-21.0,21.0,(0-2),(1-1),Unranked,Unranked
"Week 2, 2019",nevada,oregon,-71.0,71.0,(1-1),(1-1),Unranked,16
"Week 2, 2019",eastern michigan,kentucky,-21.0,21.0,(1-1),(2-0),Unranked,Unranked
"Week 2, 2019",tulane,auburn,-18.0,18.0,(1-1),(2-0),Unranked,10
"Week 2, 2019",fcs_team,florida,-45.0,45.0,(1-1),(2-0),Unranked,11
"Week 2, 2019",western michigan,fcs_team,-34.0,34.0,(1-1),(2-0),Unranked,19
"Week 2, 2019",buffalo,penn state,-32.0,32.0,(1-1),(2-0),Unranked,15
"Week 2, 2019",fcs_team,houston,-20.0,20.0,(1-1),(1-1),Unranked,Unranked
"Week 2, 2019",utep,texas tech,-35.0,35.0,(1-1),(2-0),Unranked,Unranked
"Week 2, 2019",fcs_team,north carolina,-3.0,3.0,(0-2),(2-0),Unranked,Unranked
"Week 2, 2019",tulsa,san jose state,18.0,-18.0,(1-1),(1-1),Unranked,Unranked
"Week 2, 2019",arkansas state,unlv,26.0,-26.0,(1-1),(1-1),Unranked,Unranked
"Week 2, 2019",california,washington,1.0,-1.0,(2-0),(1-1),Unranked,14
"Week 2, 2019",minnesota,fresno state,0.0,0.0,(2-0),(0-2),Unranked,Unranked
"Week 2, 2019",stanford,usc,-25.0,25.0,(1-1),(2-0),23,Unranked
"Week 2, 2019",fcs_team,arizona,-24.0,24.0,(1-1),(1-1),Unranked,Unranked
"Week 2, 2019",fcs_team,fcs_team,-35.0,35.0,(1-1),(2-0),Unranked,Unranked
"Week 2, 2019",wake forest,rice,20.0,-20.0,(2-0),(0-2),Unranked,Unranked
"Week 2, 2019",marshall,boise state,-7.0,7.0,(1-1),(2-0),Unranked,24
"Week 2, 2019",fcs_team,arizona state,-12.0,12.0,(1-1),(2-0),Unranked,Unranked
"Week 3, 2019",fcs_team,virginia tech,-7.0,7.0,(1-2),(2-1),Unranked,Unranked
"Week 3, 2019",fcs_team,cincinnati,-22.0,22.0,(1-2),(2-1),Unranked,Unranked
"Week 3, 2019",eastern michigan,illinois,3.0,-3.0,(2-1),(2-1),Unranked,Unranked
"Week 3, 2019",kansas state,fcs_team,7.0,-7.0,(3-0),(2-1),Unranked,Unranked
"Week 3, 2019",fcs_team,tennessee,-45.0,45.0,(1-2),(1-2),Unranked,Unranked
"Week 3, 2019",nc state,west virginia,-17.0,17.0,(2-1),(2-1),Unranked,Unranked
"Week 3, 2019",arkansas state,georgia,-55.0,55.0,(1-2),(3-0),Unranked,3
"Week 3, 2019",ohio state,indiana,41.0,-41.0,(3-0),(2-1),6,Unranked
"Week 3, 2019",pittsburgh,penn state,-7.0,7.0,(1-2),(3-0),Unranked,13
"Week 3, 2019",maryland,temple,-3.0,3.0,(2-1),(2-0),21,Unranked
"Week 3, 2019",fcs_team,georgia tech,3.0,-3.0,(1-2),(1-2),Unranked,Unranked
"Week 3, 2019",air force,colorado,7.0,-7.0,(2-0),(2-1),Unranked,Unranked
"Week 3, 2019",fcs_team,fcs_team,-39.0,39.0,(1-2),(2-1),Unranked,Unranked
"Week 3, 2019",fau,ball state,10.0,-10.0,(1-2),(1-2),Unranked,Unranked
"Week 3, 2019",new mexico,notre dame,-52.0,52.0,(1-1),(2-0),Unranked,7
"Week 3, 2019",akron,central michigan,-21.0,21.0,(0-3),(2-1),Unranked,Unranked
"Week 3, 2019",oklahoma state,tulsa,19.0,-19.0,(3-0),(1-2),Unranked,Unranked
"Week 3, 2019",east carolina,navy,-32.0,32.0,(1-2),(2-0),Unranked,Unranked
"Week 3, 2019",usc,brigham young,-3.0,3.0,(2-1),(2-1),24,Unranked
"Week 3, 2019",memphis,south alabama,36.0,-36.0,(3-0),(1-2),Unranked,Unranked
"Week 3, 2019",army,fcs_team,18.0,-18.0,(2-1),(1-2),Unranked,Unranked
"Week 3, 2019",unlv,northwestern,-16.0,16.0,(1-2),(1-1),Unranked,Unranked
"Week 3, 2019",stanford,ucf,-18.0,18.0,(1-2),(3-0),Unranked,17
"Week 3, 2019",alabama,south carolina,24.0,-24.0,(3-0),(1-2),2,Unranked
"Week 3, 2019",georgia southern,minnesota,-3.0,3.0,(1-2),(3-0),Unranked,Unranked
"Week 3, 2019",fcs_team,ole miss,-11.0,11.0,(1-1),(2-1),Unranked,Unranked
"Week 3, 2019",louisville,western kentucky,17.0,-17.0,(2-1),(1-2),Unranked,Unranked
"Week 3, 2019",iowa,iowa state,1.0,-1.0,(3-0),(1-1),19,Unranked
"Week 3, 2019",arizona state,michigan state,3.0,-3.0,(3-0),(2-1),Unranked,18
"Week 3, 2019",colorado state,arkansas,-21.0,21.0,(1-2),(2-1),Unranked,Unranked
"Week 3, 2019",fcs_team,miami (fla.),-63.0,63.0,(1-1),(1-2),Unranked,Unranked
"Week 3, 2019",fcs_team,oregon state,-38.0,38.0,(1-2),(1-2),Unranked,Unranked
"Week 3, 2019",north texas,california,-6.0,6.0,(1-2),(3-0),Unranked,Unranked
"Week 3, 2019",fcs_team,utah,-31.0,31.0,(1-1),(3-0),Unranked,11
"Week 3, 2019",idaho,wyoming,-5.0,5.0,(1-2),(3-0),Unranked,Unranked
"Week 3, 2019",louisiana tech,bowling green,28.0,-28.0,(2-1),(1-2),Unranked,Unranked
"Week 3, 2019",southern miss,troy,5.0,-5.0,(2-1),(1-1),Unranked,Unranked
"Week 3, 2019",fcs_team,south florida,-39.0,39.0,(2-1),(1-2),Unranked,Unranked
"Week 3, 2019",buffalo,fcs_team,-18.0,18.0,(1-2),(1-2),Unranked,Unranked
"Week 3, 2019",massachusetts,charlotte,-35.0,35.0,(0-3),(2-1),Unranked,Unranked
"Week 3, 2019",ohio,marshall,-2.0,2.0,(1-2),(2-1),Unranked,Unranked
"Week 3, 2019",texas state,smu,-30.0,30.0,(0-3),(3-0),Unranked,Unranked
"Week 3, 2019",duke,fcs_team,23.0,-23.0,(2-1),(1-2),Unranked,Unranked
"Week 3, 2019",fcs_team,nevada,-6.0,6.0,(1-2),(2-1),Unranked,Unranked
"Week 3, 2019",kent state,auburn,-39.0,39.0,(1-2),(3-0),Unranked,8
"Week 3, 2019",fcs_team,texas a&m,-59.0,59.0,(2-1),(2-1),Unranked,16
"Week 3, 2019",fcs_team,western michigan,-47.0,47.0,(2-1),(2-1),Unranked,Unranked
"Week 3, 2019",florida,kentucky,8.0,-8.0,(3-0),(2-1),9,Unranked
"Week 3, 2019",fcs_team,fiu,-13.0,13.0,(0-2),(1-2),Unranked,Unranked
"Week 3, 2019",fcs_team,toledo,-45.0,45.0,(1-2),(1-1),Unranked,Unranked
"Week 3, 2019",fcs_team,fcs_team,-71.0,71.0,(0-3),(2-1),Unranked,Unranked
"Week 3, 2019",hawaii,washington,-32.0,32.0,(2-1),(2-1),Unranked,23
"Week 3, 2019",fcs_team,lsu,-51.0,51.0,(0-3),(3-0),Unranked,4
"Week 3, 2019",fcs_team,fcs_team,-50.0,50.0,(1-2),(2-1),Unranked,Unranked
"Week 3, 2019",florida state,virginia,-7.0,7.0,(1-2),(3-0),Unranked,25
"Week 3, 2019",tcu,purdue,21.0,-21.0,(2-0),(1-2),Unranked,Unranked
"Week 3, 2019",clemson,syracuse,35.0,-35.0,(3-0),(1-2),1,Unranked
"Week 3, 2019",san diego state,new mexico state,21.0,-21.0,(3-0),(0-3),Unranked,Unranked
"Week 3, 2019",oklahoma,ucla,34.0,-34.0,(3-0),(0-3),5,Unranked
"Week 3, 2019",fcs_team,tulane,-52.0,52.0,(0-2),(2-1),Unranked,Unranked
"Week 3, 2019",fcs_team,nebraska,-36.0,36.0,(1-2),(2-1),Unranked,Unranked
"Week 3, 2019",texas,rice,35.0,-35.0,(2-1),(0-3),12,Unranked
"Week 3, 2019",fcs_team,boise state,-35.0,35.0,(1-2),(3-0),Unranked,22
"Week 3, 2019",texas tech,arizona,-14.0,14.0,(2-1),(2-1),Unranked,Unranked
"Week 3, 2019",fcs_team,oregon,-32.0,32.0,(2-1),(2-1),Unranked,15
"Week 3, 2019",north carolina,wake forest,-6.0,6.0,(2-1),(3-0),Unranked,Unranked
"Week 3, 2019",kansas,boston college,24.0,-24.0,(2-1),(2-1),Unranked,Unranked
"Week 3, 2019",washington state,houston,7.0,-7.0,(3-0),(1-2),20,Unranked
"Week 4, 2019",fcs_team,hawaii,-19.0,19.0,(3-1),(3-1),Unranked,Unranked
"Week 4, 2019",michigan state,northwestern,21.0,-21.0,(3-1),(1-2),Unranked,Unranked
"Week 4, 2019",fcs_team,fcs_team,-52.0,52.0,(1-2),(2-1),Unranked,Unranked
"Week 4, 2019",california,ole miss,8.0,-8.0,(4-0),(2-2),23,Unranked
"Week 4, 2019",michigan,wisconsin,-21.0,21.0,(2-1),(3-0),11,13
"Week 4, 2019",fcs_team,army,-31.0,31.0,(0-3),(3-1),Unranked,Unranked
"Week 4, 2019",southern miss,alabama,-42.0,42.0,(2-2),(4-0),Unranked,2
"Week 4, 2019",lsu,vanderbilt,28.0,-28.0,(4-0),(0-3),4,Unranked
"Week 4, 2019",connecticut,indiana,-35.0,35.0,(1-2),(3-1),Unranked,Unranked
"Week 4, 2019",tennessee,florida,-31.0,31.0,(1-3),(4-0),Unranked,9
"Week 4, 2019",boston college,rutgers,14.0,-14.0,(3-1),(1-2),Unranked,Unranked
"Week 4, 2019",fcs_team,wake forest,-42.0,42.0,(2-2),(4-0),Unranked,Unranked
"Week 4, 2019",western michigan,syracuse,-19.0,19.0,(2-2),(2-2),Unranked,Unranked
"Week 4, 2019",fcs_team,massachusetts,34.0,-34.0,(3-1),(0-4),Unranked,Unranked
"Week 4, 2019",fcs_team,ohio,20.0,-20.0,(3-1),(1-3),Unranked,Unranked
"Week 4, 2019",troy,akron,28.0,-28.0,(2-1),(0-4),Unranked,Unranked
"Week 4, 2019",fcs_team,eastern michigan,-5.0,5.0,(3-1),(3-1),Unranked,Unranked
"Week 4, 2019",auburn,texas a&m,8.0,-8.0,(4-0),(2-2),8,17
"Week 4, 2019",smu,tcu,3.0,-3.0,(4-0),(2-1),Unranked,25
"Week 4, 2019",south alabama,fcs_team,-32.0,32.0,(1-3),(3-0),Unranked,Unranked
"Week 4, 2019",ucf,pittsburgh,-1.0,1.0,(3-1),(2-2),15,Unranked
"Week 4, 2019",wyoming,tulsa,-3.0,3.0,(3-1),(2-2),Unranked,Unranked
"Week 4, 2019",washington,brigham young,26.0,-26.0,(3-1),(2-2),22,Unranked
"Week 4, 2019",temple,buffalo,-16.0,16.0,(2-1),(2-2),Unranked,Unranked
"Week 4, 2019",fcs_team,ohio state,-71.0,71.0,(1-3),(4-0),Unranked,6
"Week 4, 2019",louisville,florida state,-11.0,11.0,(2-2),(2-2),Unranked,Unranked
"Week 4, 2019",bowling green,kent state,-42.0,42.0,(1-3),(2-2),Unranked,Unranked
"Week 4, 2019",fcs_team,north carolina,3.0,-3.0,(3-0),(2-2),Unranked,Unranked
"Week 4, 2019",kentucky,fcs_team,-15.0,15.0,(2-2),(3-1),Unranked,Unranked
"Week 4, 2019",south carolina,missouri,-20.0,20.0,(1-3),(3-1),Unranked,Unranked
"Week 4, 2019",central michigan,miami (fla.),-5.0,5.0,(2-2),(2-2),Unranked,Unranked
"Week 4, 2019",new mexico state,new mexico,-3.0,3.0,(0-4),(2-1),Unranked,Unranked
"Week 4, 2019",west virginia,kansas,5.0,-5.0,(3-1),(2-2),Unranked,Unranked
"Week 4, 2019",fcs_team,fcs_team,-35.0,35.0,(2-2),(2-2),Unranked,Unranked
"Week 4, 2019",fcs_team,fau,-35.0,35.0,(0-4),(2-2),Unranked,Unranked
"Week 4, 2019",fcs_team,fcs_team,-12.0,12.0,(2-2),(2-2),Unranked,Unranked
"Week 4, 2019",georgia state,texas state,0.0,0.0,(2-2),(1-3),Unranked,Unranked
"Week 4, 2019",oregon,stanford,15.0,-15.0,(3-1),(1-3),16,Unranked
"Week 4, 2019",baylor,rice,8.0,-8.0,(3-0),(0-4),Unranked,Unranked
"Week 4, 2019",fcs_team,arkansas state,-13.0,13.0,(2-2),(2-2),Unranked,Unranked
"Week 4, 2019",old dominion,virginia,-11.0,11.0,(1-2),(4-0),Unranked,21
"Week 4, 2019",ball state,nc state,-11.0,11.0,(1-3),(3-1),Unranked,Unranked
"Week 4, 2019",oklahoma state,texas,-6.0,6.0,(3-1),(3-1),Unranked,12
"Week 4, 2019",utsa,north texas,-42.0,42.0,(1-3),(2-2),Unranked,Unranked
"Week 4, 2019",san jose state,arkansas,7.0,-7.0,(2-1),(2-2),Unranked,Unranked
"Week 4, 2019",charlotte,clemson,-42.0,42.0,(2-2),(4-0),Unranked,1
"Week 4, 2019",nevada,utep,16.0,-16.0,(3-1),(1-2),Unranked,Unranked
"Week 4, 2019",notre dame,georgia,-6.0,6.0,(2-1),(4-0),7,3
"Week 4, 2019",nebraska,illinois,4.0,-4.0,(3-1),(2-2),Unranked,Unranked
"Week 4, 2019",fcs_team,fresno state,-14.0,14.0,(2-2),(1-2),Unranked,Unranked
"Week 4, 2019",colorado,arizona state,3.0,-3.0,(3-1),(3-1),Unranked,24
"Week 4, 2019",toledo,colorado state,6.0,-6.0,(2-1),(1-3),Unranked,Unranked
"Week 4, 2019",ucla,washington state,4.0,-4.0,(1-3),(3-1),Unranked,19
"Week 4, 2019",fcs_team,san diego state,6.0,-6.0,(2-1),(3-1),Unranked,Unranked
"Week 4, 2019",fiu,louisiana tech,-12.0,12.0,(1-3),(3-1),Unranked,Unranked
"Week 4, 2019",air force,boise state,-11.0,11.0,(2-1),(4-0),Unranked,20
"Week 4, 2019",utah,usc,-7.0,7.0,(3-1),(3-1),10,Unranked
"Week 4, 2019",houston,tulane,-7.0,7.0,(1-3),(3-1),Unranked,Unranked
"Week 5, 2019",texas tech,oklahoma,-39.0,39.0,(2-2),(4-0),Unranked,6
"Week 5, 2019",fcs_team,vanderbilt,-6.0,6.0,(1-3),(1-3),Unranked,Unranked
"Week 5, 2019",northwestern,wisconsin,-9.0,9.0,(1-3),(4-0),Unranked,8
"Week 5, 2019",buffalo,fcs_team,-14.0,14.0,(2-3),(2-3),Unranked,Unranked
"Week 5, 2019",fcs_team,iowa,-45.0,45.0,(1-3),(4-0),Unranked,14
"Week 5, 2019",kansas,tcu,-37.0,37.0,(2-3),(3-1),Unranked,Unranked
"Week 5, 2019",fcs_team,syracuse,-38.0,38.0,(1-3),(3-2),Unranked,Unranked
"Week 5, 2019",brigham young,toledo,-7.0,7.0,(2-3),(3-1),Unranked,Unranked
"Week 5, 2019",rutgers,michigan,-52.0,52.0,(1-3),(3-1),Unranked,20
"Week 5, 2019",central michigan,western michigan,-16.0,16.0,(2-3),(3-2),Unranked,Unranked
"Week 5, 2019",texas a&m,arkansas,4.0,-4.0,(3-2),(2-3),23,Unranked
"Week 5, 2019",fcs_team,pittsburgh,-3.0,3.0,(3-2),(3-2),Unranked,Unranked
"Week 5, 2019",georgia tech,temple,-22.0,22.0,(1-3),(3-1),Unranked,Unranked
"Week 5, 2019",minnesota,purdue,7.0,-7.0,(4-0),(1-3),Unranked,Unranked
"Week 5, 2019",ole miss,alabama,-28.0,28.0,(2-3),(5-0),Unranked,2
"Week 5, 2019",iowa state,baylor,-2.0,2.0,(2-2),(4-0),Unranked,Unranked
"Week 5, 2019",usc,washington,-14.0,14.0,(3-2),(4-1),21,17
"Week 5, 2019",virginia,notre dame,-15.0,15.0,(4-1),(3-1),18,10
"Week 5, 2019",fcs_team,app,-19.0,19.0,(3-2),(4-0),Unranked,Unranked
"Week 5, 2019",wake forest,boston college,3.0,-3.0,(5-0),(3-2),Unranked,Unranked
"Week 5, 2019",fau,charlotte,18.0,-18.0,(3-2),(2-3),Unranked,Unranked
"Week 5, 2019",akron,massachusetts,-8.0,8.0,(0-5),(1-4),Unranked,Unranked
"Week 5, 2019",clemson,north carolina,1.0,-1.0,(5-0),(2-3),1,Unranked
"Week 5, 2019",indiana,michigan state,-9.0,9.0,(3-2),(4-1),Unranked,25
"Week 5, 2019",smu,south florida,27.0,-27.0,(5-0),(1-3),Unranked,Unranked
"Week 5, 2019",fcs_team,florida,-38.0,38.0,(3-2),(5-0),Unranked,9
"Week 5, 2019",cincinnati,marshall,38.0,-38.0,(3-1),(2-2),Unranked,Unranked
"Week 5, 2019",east carolina,old dominion,3.0,-3.0,(3-2),(1-3),Unranked,Unranked
"Week 5, 2019",arkansas state,troy,7.0,-7.0,(3-2),(2-2),Unranked,Unranked
"Week 5, 2019",fcs_team,georgia southern,13.0,-13.0,(4-1),(1-3),Unranked,Unranked
"Week 5, 2019",new mexico,fcs_team,-7.0,7.0,(2-2),(3-2),Unranked,Unranked
"Week 5, 2019",utep,southern miss,-18.0,18.0,(1-3),(3-2),Unranked,Unranked
"Week 5, 2019",stanford,oregon state,3.0,-3.0,(2-3),(1-3),Unranked,Unranked
"Week 5, 2019",louisiana tech,rice,3.0,-3.0,(4-1),(0-5),Unranked,Unranked
"Week 5, 2019",fcs_team,western kentucky,-7.0,7.0,(3-1),(2-2),Unranked,Unranked
"Week 5, 2019",fcs_team,texas state,-21.0,21.0,(2-2),(2-3),Unranked,Unranked
"Week 5, 2019",connecticut,ucf,-35.0,35.0,(1-3),(4-1),Unranked,22
"Week 5, 2019",kansas state,oklahoma state,-13.0,13.0,(3-1),(4-1),24,Unranked
"Week 5, 2019",fcs_team,auburn,-33.0,33.0,(3-2),(5-0),Unranked,7
"Week 5, 2019",south alabama,fcs_team,-13.0,13.0,(1-4),(2-2),Unranked,Unranked
"Week 5, 2019",ohio state,nebraska,41.0,-41.0,(5-0),(3-2),5,Unranked
"Week 5, 2019",kentucky,south carolina,-17.0,17.0,(2-3),(2-3),Unranked,Unranked
"Week 5, 2019",nc state,florida state,-18.0,18.0,(3-2),(3-2),Unranked,Unranked
"Week 5, 2019",unlv,wyoming,-36.0,36.0,(1-3),(4-1),Unranked,Unranked
"Week 5, 2019",fresno state,new mexico state,13.0,-13.0,(2-2),(0-5),Unranked,Unranked
"Week 5, 2019",houston,north texas,21.0,-21.0,(2-3),(2-3),Unranked,Unranked
"Week 5, 2019",washington state,utah,-25.0,25.0,(3-2),(4-1),Unranked,19
"Week 5, 2019",hawaii,nevada,51.0,-51.0,(4-1),(3-2),Unranked,Unranked
"Week 5, 2019",ucla,arizona,-3.0,3.0,(1-4),(3-1),Unranked,Unranked
"Week 5, 2019",duke,virginia tech,35.0,-35.0,(3-1),(2-2),Unranked,Unranked
"Week 5, 2019",san jose state,air force,-17.0,17.0,(2-2),(3-1),Unranked,Unranked
"Week 5, 2019",penn state,maryland,59.0,-59.0,(4-0),(2-2),12,Unranked
"Week 5, 2019",arizona state,california,7.0,-7.0,(4-1),(4-1),Unranked,15
"Week 5, 2019",navy,memphis,-12.0,12.0,(2-1),(4-0),Unranked,Unranked
"Week 6, 2019",utah state,lsu,-36.0,36.0,(3-2),(5-0),Unranked,5
"Week 6, 2019",oklahoma state,texas tech,-10.0,10.0,(4-2),(3-2),21,Unranked
"Week 6, 2019",tulane,army,9.0,-9.0,(4-1),(3-2),Unranked,Unranked
"Week 6, 2019",oklahoma,kansas,25.0,-25.0,(5-0),(2-4),6,Unranked
"Week 6, 2019",kent state,wisconsin,-48.0,48.0,(2-3),(5-0),Unranked,8
"Week 6, 2019",south florida,connecticut,26.0,-26.0,(2-3),(1-4),Unranked,Unranked
"Week 6, 2019",maryland,rutgers,41.0,-41.0,(3-2),(1-4),Unranked,Unranked
"Week 6, 2019",iowa,michigan,-7.0,7.0,(4-1),(4-1),14,19
"Week 6, 2019",purdue,penn state,-28.0,28.0,(1-4),(5-0),Unranked,12
"Week 6, 2019",boston college,louisville,-2.0,2.0,(3-3),(3-2),Unranked,Unranked
"Week 6, 2019",tcu,iowa state,-25.0,25.0,(3-2),(3-2),Unranked,Unranked
"Week 6, 2019",eastern michigan,central michigan,-26.0,26.0,(3-2),(3-3),Unranked,Unranked
"Week 6, 2019",texas,west virginia,11.0,-11.0,(4-1),(3-2),11,Unranked
"Week 6, 2019",baylor,kansas state,19.0,-19.0,(5-0),(3-2),Unranked,Unranked
"Week 6, 2019",illinois,minnesota,-23.0,23.0,(2-3),(5-0),Unranked,Unranked
"Week 6, 2019",ball state,fcs_team,7.0,-7.0,(2-3),(1-4),Unranked,Unranked
"Week 6, 2019",western michigan,toledo,-7.0,7.0,(3-3),(4-1),Unranked,Unranked
"Week 6, 2019",marshall,fcs_team,-11.0,11.0,(2-3),(2-3),Unranked,Unranked
"Week 6, 2019",auburn,florida,-11.0,11.0,(5-1),(6-0),7,10
"Week 6, 2019",ohio,buffalo,1.0,-1.0,(2-3),(2-4),Unranked,Unranked
"Week 6, 2019",arkansas state,georgia state,-14.0,14.0,(3-3),(3-2),Unranked,Unranked
"Week 6, 2019",virginia tech,fcs_team,7.0,-7.0,(3-2),(2-3),Unranked,Unranked
"Week 6, 2019",air force,navy,-9.0,9.0,(3-2),(3-1),Unranked,Unranked
"Week 6, 2019",bowling green,notre dame,-52.0,52.0,(1-4),(4-1),Unranked,9
"Week 6, 2019",memphis,fcs_team,19.0,-19.0,(5-0),(2-3),Unranked,Unranked
"Week 6, 2019",north carolina,georgia tech,16.0,-16.0,(3-3),(1-4),Unranked,Unranked
"Week 6, 2019",northwestern,nebraska,-3.0,3.0,(1-4),(4-2),Unranked,Unranked
"Week 6, 2019",troy,missouri,-32.0,32.0,(2-3),(4-1),Unranked,Unranked
"Week 6, 2019",arizona,colorado,5.0,-5.0,(4-1),(3-2),Unranked,Unranked
"Week 6, 2019",western kentucky,old dominion,17.0,-17.0,(3-2),(1-4),Unranked,Unranked
"Week 6, 2019",rice,fcs_team,-15.0,15.0,(0-6),(4-1),Unranked,Unranked
"Week 6, 2019",massachusetts,fiu,-44.0,44.0,(1-5),(2-3),Unranked,Unranked
"Week 6, 2019",georgia,tennessee,29.0,-29.0,(5-0),(1-4),3,Unranked
"Week 6, 2019",tulsa,smu,0.0,0.0,(2-3),(6-0),Unranked,24
"Week 6, 2019",vanderbilt,ole miss,-25.0,25.0,(1-4),(3-3),Unranked,Unranked
"Week 6, 2019",michigan state,ohio state,-24.0,24.0,(4-2),(6-0),25,4
"Week 6, 2019",california,oregon,-10.0,10.0,(4-2),(4-1),Unranked,13
"Week 6, 2019",utsa,utep,10.0,-10.0,(2-3),(1-4),Unranked,Unranked
"Week 6, 2019",fcs_team,new mexico state,7.0,-7.0,(4-2),(0-6),Unranked,Unranked
"Week 6, 2019",pittsburgh,duke,3.0,-3.0,(4-2),(3-2),Unranked,Unranked
"Week 6, 2019",oregon state,ucla,17.0,-17.0,(2-3),(1-5),Unranked,Unranked
"Week 6, 2019",san diego state,fcs_team,14.0,-14.0,(4-1),(1-5),Unranked,Unranked
"Week 6, 2019",boise state,unlv,25.0,-25.0,(5-0),(1-4),16,Unranked
"Week 6, 2019",washington,stanford,-10.0,10.0,(4-2),(3-3),15,Unranked
"Week 6, 2019",ucf,cincinnati,-3.0,3.0,(4-2),(4-1),18,Unranked
"Week 6, 2019",new mexico,san jose state,-11.0,11.0,(2-3),(3-2),Unranked,Unranked
"Week 6, 2019",georgia southern,south alabama,0.0,0.0,(2-3),(1-5),Unranked,Unranked
"Week 6, 2019",temple,east carolina,10.0,-10.0,(4-1),(3-3),Unranked,Unranked
"Week 7, 2019",miami (ohio),western michigan,-22.0,22.0,(2-4),(4-3),Unranked,Unranked
"Week 7, 2019",michigan,illinois,17.0,-17.0,(5-1),(2-4),16,Unranked
"Week 7, 2019",oklahoma,texas,7.0,-7.0,(6-0),(4-2),6,11
"Week 7, 2019",toledo,bowling green,-13.0,13.0,(4-2),(2-4),Unranked,Unranked
"Week 7, 2019",fcs_team,tennessee,-10.0,10.0,(3-3),(2-4),Unranked,Unranked
"Week 7, 2019",memphis,temple,-2.0,2.0,(5-1),(5-1),23,Unranked
"Week 7, 2019",rutgers,indiana,-35.0,35.0,(1-5),(4-2),Unranked,Unranked
"Week 7, 2019",south carolina,georgia,0.0,0.0,(3-3),(5-1),Unranked,3
"Week 7, 2019",maryland,purdue,-26.0,26.0,(3-3),(2-4),Unranked,Unranked
"Week 7, 2019",georgia tech,duke,-18.0,18.0,(1-5),(4-2),Unranked,Unranked
"Week 7, 2019",ball state,eastern michigan,6.0,-6.0,(3-3),(3-3),Unranked,Unranked
"Week 7, 2019",old dominion,marshall,-14.0,14.0,(1-5),(3-3),Unranked,Unranked
"Week 7, 2019",new mexico state,central michigan,-14.0,14.0,(0-7),(4-3),Unranked,Unranked
"Week 7, 2019",kent state,akron,23.0,-23.0,(3-3),(0-6),Unranked,Unranked
"Week 7, 2019",michigan state,wisconsin,-38.0,38.0,(4-3),(6-0),Unranked,8
"Week 7, 2019",washington state,arizona state,-4.0,4.0,(3-3),(5-1),Unranked,18
"Week 7, 2019",cincinnati,houston,15.0,-15.0,(5-1),(2-4),25,Unranked
"Week 7, 2019",alabama,texas a&m,19.0,-19.0,(6-0),(3-3),1,24
"Week 7, 2019",florida state,clemson,-31.0,31.0,(3-3),(6-0),Unranked,2
"Week 7, 2019",fcs_team,ohio,3.0,-3.0,(2-4),(2-4),Unranked,Unranked
"Week 7, 2019",brigham young,south florida,-4.0,4.0,(2-4),(3-3),Unranked,Unranked
"Week 7, 2019",connecticut,tulane,-42.0,42.0,(1-5),(5-1),Unranked,Unranked
"Week 7, 2019",unlv,vanderbilt,24.0,-24.0,(2-4),(1-5),Unranked,Unranked
"Week 7, 2019",texas tech,baylor,0.0,0.0,(3-3),(6-0),Unranked,22
"Week 7, 2019",san jose state,nevada,-3.0,3.0,(3-3),(4-2),Unranked,Unranked
"Week 7, 2019",fcs_team,virginia tech,-17.0,17.0,(1-5),(4-2),Unranked,Unranked
"Week 7, 2019",iowa state,west virginia,24.0,-24.0,(4-2),(3-3),Unranked,Unranked
"Week 7, 2019",fcs_team,fau,-15.0,15.0,(2-4),(4-2),Unranked,Unranked
"Week 7, 2019",georgia state,fcs_team,10.0,-10.0,(4-2),(3-3),Unranked,Unranked
"Week 7, 2019",fcs_team,utsa,19.0,-19.0,(5-1),(2-4),Unranked,Unranked
"Week 7, 2019",army,western kentucky,-9.0,9.0,(3-3),(4-2),Unranked,Unranked
"Week 7, 2019",fresno state,air force,-19.0,19.0,(2-3),(4-2),Unranked,Unranked
"Week 7, 2019",north texas,southern miss,-18.0,18.0,(2-4),(4-2),Unranked,Unranked
"Week 7, 2019",ole miss,missouri,-11.0,11.0,(3-4),(5-1),Unranked,Unranked
"Week 7, 2019",massachusetts,louisiana tech,-48.0,48.0,(1-6),(5-1),Unranked,Unranked
"Week 7, 2019",charlotte,fiu,-25.0,25.0,(2-4),(3-3),Unranked,Unranked
"Week 7, 2019",nebraska,minnesota,-27.0,27.0,(4-3),(6-0),Unranked,Unranked
"Week 7, 2019",navy,tulsa,28.0,-28.0,(4-1),(2-4),Unranked,Unranked
"Week 7, 2019",penn state,iowa,5.0,-5.0,(6-0),(4-2),10,17
"Week 7, 2019",arkansas,kentucky,-4.0,4.0,(2-4),(3-3),Unranked,Unranked
"Week 7, 2019",usc,notre dame,-3.0,3.0,(3-3),(5-1),Unranked,9
"Week 7, 2019",louisville,wake forest,3.0,-3.0,(4-2),(5-1),Unranked,19
"Week 7, 2019",utah,oregon state,45.0,-45.0,(5-1),(2-4),15,Unranked
"Week 7, 2019",florida,lsu,-14.0,14.0,(6-1),(6-0),7,5
"Week 7, 2019",hawaii,boise state,-22.0,22.0,(4-2),(6-0),Unranked,14
"Week 7, 2019",wyoming,san diego state,-4.0,4.0,(4-2),(5-1),Unranked,Unranked
"Week 7, 2019",washington,arizona,24.0,-24.0,(5-2),(4-2),Unranked,Unranked
"Week 7, 2019",virginia,fcs_team,-8.0,8.0,(4-2),(3-3),20,Unranked
"Week 7, 2019",colorado state,new mexico,14.0,-14.0,(2-5),(2-4),Unranked,Unranked
"Week 7, 2019",colorado,oregon,-42.0,42.0,(3-3),(5-1),Unranked,13
"Week 7, 2019",syracuse,nc state,-6.0,6.0,(3-3),(4-2),Unranked,Unranked
"Week 7, 2019",fcs_team,fcs_team,10.0,-10.0,(3-3),(2-4),Unranked,Unranked
"Week 7, 2019",fcs_team,fcs_team,10.0,-10.0,(5-0),(4-2),Unranked,Unranked
"Week 8, 2019",purdue,iowa,-6.0,6.0,(2-5),(5-2),Unranked,20
"Week 8, 2019",wisconsin,illinois,-1.0,1.0,(6-1),(3-4),13,Unranked
"Week 8, 2019",west virginia,oklahoma,-38.0,38.0,(3-4),(7-0),Unranked,5
"Week 8, 2019",iowa state,texas tech,10.0,-10.0,(5-2),(3-4),23,Unranked
"Week 8, 2019",nc state,boston college,-21.0,21.0,(4-3),(4-3),Unranked,Unranked
"Week 8, 2019",auburn,arkansas,41.0,-41.0,(6-1),(2-5),9,Unranked
"Week 8, 2019",florida,south carolina,11.0,-11.0,(7-1),(3-4),7,Unranked
"Week 8, 2019",houston,connecticut,7.0,-7.0,(3-4),(1-6),Unranked,Unranked
"Week 8, 2019",clemson,louisville,35.0,-35.0,(7-0),(4-3),4,Unranked
"Week 8, 2019",georgia tech,fcs_team,7.0,-7.0,(2-5),(3-4),Unranked,Unranked
"Week 8, 2019",kent state,ohio,-7.0,7.0,(3-4),(3-4),Unranked,Unranked
"Week 8, 2019",central michigan,bowling green,18.0,-18.0,(5-3),(2-5),Unranked,Unranked
"Week 8, 2019",toledo,ball state,-38.0,38.0,(4-3),(4-3),Unranked,Unranked
"Week 8, 2019",oregon state,california,4.0,-4.0,(3-4),(4-3),Unranked,Unranked
"Week 8, 2019",tcu,kansas state,-7.0,7.0,(3-3),(4-2),Unranked,Unranked
"Week 8, 2019",fcs_team,miami (ohio),-3.0,3.0,(2-5),(3-4),Unranked,Unranked
"Week 8, 2019",new mexico,wyoming,-13.0,13.0,(2-5),(5-2),Unranked,Unranked
"Week 8, 2019",fcs_team,georgia southern,0.0,0.0,(3-4),(3-3),Unranked,Unranked
"Week 8, 2019",fcs_team,fcs_team,0.0,0.0,(3-4),(5-2),Unranked,Unranked
"Week 8, 2019",southern miss,louisiana tech,-15.0,15.0,(4-3),(6-1),Unranked,Unranked
"Week 8, 2019",temple,smu,-24.0,24.0,(5-2),(7-0),Unranked,16
"Week 8, 2019",oregon,washington,4.0,-4.0,(6-1),(5-3),11,Unranked
"Week 8, 2019",duke,virginia,-34.0,34.0,(4-3),(5-2),Unranked,Unranked
"Week 8, 2019",lsu,fcs_team,23.0,-23.0,(7-0),(3-4),2,Unranked
"Week 8, 2019",buffalo,akron,21.0,-21.0,(3-4),(0-7),Unranked,Unranked
"Week 8, 2019",minnesota,rutgers,35.0,-35.0,(7-0),(1-6),17,Unranked
"Week 8, 2019",fcs_team,fcs_team,-45.0,45.0,(3-4),(6-0),Unranked,21
"Week 8, 2019",tulsa,cincinnati,-11.0,11.0,(2-5),(6-1),Unranked,18
"Week 8, 2019",south florida,navy,-32.0,32.0,(3-4),(5-1),Unranked,Unranked
"Week 8, 2019",indiana,maryland,6.0,-6.0,(5-2),(3-4),Unranked,Unranked
"Week 8, 2019",charlotte,western kentucky,-16.0,16.0,(2-5),(5-2),Unranked,Unranked
"Week 8, 2019",old dominion,fcs_team,-24.0,24.0,(1-6),(6-1),Unranked,Unranked
"Week 8, 2019",missouri,vanderbilt,-7.0,7.0,(5-2),(2-5),Unranked,Unranked
"Week 8, 2019",fcs_team,north texas,-3.0,3.0,(2-5),(3-4),Unranked,Unranked
"Week 8, 2019",baylor,oklahoma state,18.0,-18.0,(7-0),(4-3),14,Unranked
"Week 8, 2019",arizona state,utah,-18.0,18.0,(5-2),(6-1),24,12
"Week 8, 2019",rice,utsa,-4.0,4.0,(0-7),(3-4),Unranked,Unranked
"Week 8, 2019",fcs_team,fcs_team,-15.0,15.0,(2-5),(5-2),Unranked,Unranked
"Week 8, 2019",kentucky,georgia,-21.0,21.0,(3-4),(6-1),Unranked,10
"Week 8, 2019",kansas,texas,-2.0,2.0,(2-5),(5-2),Unranked,15
"Week 8, 2019",san diego state,san jose state,10.0,-10.0,(6-1),(3-4),Unranked,Unranked
"Week 8, 2019",colorado,washington state,-31.0,31.0,(3-4),(4-3),Unranked,Unranked
"Week 8, 2019",tulane,memphis,-30.0,30.0,(5-2),(6-1),Unranked,Unranked
"Week 8, 2019",western michigan,eastern michigan,-7.0,7.0,(4-4),(4-3),Unranked,Unranked
"Week 8, 2019",east carolina,ucf,-13.0,13.0,(3-4),(5-2),Unranked,Unranked
"Week 8, 2019",utep,fiu,-15.0,15.0,(1-5),(4-3),Unranked,Unranked
"Week 8, 2019",army,fcs_team,-7.0,7.0,(3-4),(5-2),Unranked,Unranked
"Week 8, 2019",florida state,wake forest,-2.0,2.0,(3-4),(6-1),Unranked,25
"Week 8, 2019",texas a&m,ole miss,7.0,-7.0,(4-3),(3-5),Unranked,Unranked
"Week 8, 2019",michigan,penn state,-7.0,7.0,(5-2),(7-0),19,6
"Week 8, 2019",tennessee,alabama,-22.0,22.0,(2-5),(7-0),Unranked,1
"Week 8, 2019",arizona,usc,-27.0,27.0,(4-3),(4-3),Unranked,Unranked
"Week 8, 2019",boise state,brigham young,-3.0,3.0,(6-1),(3-4),22,Unranked
"Week 8, 2019",nevada,utah state,-26.0,26.0,(4-3),(4-2),Unranked,Unranked
"Week 8, 2019",air force,hawaii,30.0,-30.0,(5-2),(4-3),Unranked,Unranked
"Week 8, 2019",marshall,fau,5.0,-5.0,(4-3),(4-3),Unranked,Unranked
"Week 8, 2019",pittsburgh,syracuse,7.0,-7.0,(5-2),(3-4),Unranked,Unranked
"Week 8, 2019",ohio state,northwestern,49.0,-49.0,(7-0),(1-5),3,Unranked
"Week 8, 2019",unlv,fresno state,-29.0,29.0,(2-5),(3-3),Unranked,Unranked
"Week 8, 2019",fcs_team,arkansas state,17.0,-17.0,(5-2),(3-4),Unranked,Unranked
"Week 8, 2019",ucla,stanford,18.0,-18.0,(2-5),(3-4),Unranked,Unranked
"Week 8, 2019",south alabama,troy,-24.0,24.0,(1-6),(3-3),Unranked,Unranked
"Week 9, 2019",iowa,northwestern,20.0,-20.0,(6-2),(1-6),20,Unranked
"Week 9, 2019",fcs_team,south alabama,27.0,-27.0,(7-0),(1-7),21,Unranked
"Week 9, 2019",fcs_team,texas a&m,-19.0,19.0,(3-5),(5-3),Unranked,Unranked
"Week 9, 2019",san jose state,army,5.0,-5.0,(4-4),(3-5),Unranked,Unranked
"Week 9, 2019",oklahoma,kansas state,-7.0,7.0,(7-1),(5-2),5,Unranked
"Week 9, 2019",bowling green,western michigan,-39.0,39.0,(2-6),(5-4),Unranked,Unranked
"Week 9, 2019",wisconsin,ohio state,-31.0,31.0,(6-2),(8-0),13,3
"Week 9, 2019",fcs_team,pittsburgh,4.0,-4.0,(4-4),(5-3),Unranked,Unranked
"Week 9, 2019",illinois,purdue,18.0,-18.0,(4-4),(2-6),Unranked,Unranked
"Week 9, 2019",fcs_team,rutgers,-10.0,10.0,(5-3),(2-6),Unranked,Unranked
"Week 9, 2019",southern miss,rice,14.0,-14.0,(5-3),(0-8),Unranked,Unranked
"Week 9, 2019",nevada,wyoming,-28.0,28.0,(4-4),(6-2),Unranked,Unranked
"Week 9, 2019",ohio,ball state,13.0,-13.0,(4-4),(4-4),Unranked,Unranked
"Week 9, 2019",western kentucky,marshall,-3.0,3.0,(5-3),(5-3),Unranked,Unranked
"Week 9, 2019",new mexico state,georgia southern,-34.0,34.0,(0-8),(4-3),Unranked,Unranked
"Week 9, 2019",fiu,fcs_team,-33.0,33.0,(4-4),(3-5),Unranked,Unranked
"Week 9, 2019",oklahoma state,iowa state,7.0,-7.0,(5-3),(5-3),Unranked,23
"Week 9, 2019",maryland,minnesota,-42.0,42.0,(3-5),(8-0),Unranked,17
"Week 9, 2019",eastern michigan,toledo,-3.0,3.0,(4-4),(5-3),Unranked,Unranked
"Week 9, 2019",akron,fcs_team,-49.0,49.0,(0-8),(3-5),Unranked,Unranked
"Week 9, 2019",arizona,stanford,-10.0,10.0,(4-4),(4-4),Unranked,Unranked
"Week 9, 2019",texas,tcu,-10.0,10.0,(5-3),(4-3),15,Unranked
"Week 9, 2019",indiana,nebraska,7.0,-7.0,(6-2),(4-4),Unranked,Unranked
"Week 9, 2019",auburn,lsu,-3.0,3.0,(6-2),(8-0),9,2
"Week 9, 2019",syracuse,florida state,-18.0,18.0,(3-5),(4-4),Unranked,Unranked
"Week 9, 2019",central michigan,buffalo,-23.0,23.0,(5-4),(4-4),Unranked,Unranked
"Week 9, 2019",fau,old dominion,38.0,-38.0,(5-3),(1-7),Unranked,Unranked
"Week 9, 2019",fcs_team,kent state,7.0,-7.0,(4-4),(3-5),Unranked,Unranked
"Week 9, 2019",north texas,charlotte,-1.0,1.0,(3-5),(3-5),Unranked,Unranked
"Week 9, 2019",virginia,louisville,-7.0,7.0,(5-3),(5-3),Unranked,Unranked
"Week 9, 2019",penn state,michigan state,21.0,-21.0,(8-0),(4-4),6,Unranked
"Week 9, 2019",tulane,navy,-3.0,3.0,(5-3),(6-1),Unranked,Unranked
"Week 9, 2019",connecticut,massachusetts,21.0,-21.0,(2-6),(1-7),Unranked,Unranked
"Week 9, 2019",south florida,east carolina,25.0,-25.0,(4-4),(3-5),Unranked,Unranked
"Week 9, 2019",hawaii,new mexico,14.0,-14.0,(5-3),(2-6),Unranked,Unranked
"Week 9, 2019",duke,north carolina,-3.0,3.0,(4-4),(4-4),Unranked,Unranked
"Week 9, 2019",south carolina,tennessee,-20.0,20.0,(3-5),(3-5),Unranked,Unranked
"Week 9, 2019",texas tech,kansas,-3.0,3.0,(3-5),(3-5),Unranked,Unranked
"Week 9, 2019",memphis,tulsa,1.0,-1.0,(7-1),(2-6),Unranked,Unranked
"Week 9, 2019",texas state,arkansas state,-24.0,24.0,(2-5),(4-4),Unranked,Unranked
"Week 9, 2019",ucf,temple,42.0,-42.0,(6-2),(5-3),Unranked,Unranked
"Week 9, 2019",arkansas,alabama,-41.0,41.0,(2-6),(8-0),Unranked,1
"Week 9, 2019",troy,georgia state,-19.0,19.0,(3-4),(6-2),Unranked,Unranked
"Week 9, 2019",notre dame,michigan,-31.0,31.0,(5-2),(6-2),8,19
"Week 9, 2019",arizona state,ucla,-10.0,10.0,(5-3),(3-5),24,Unranked
"Week 9, 2019",colorado state,fresno state,10.0,-10.0,(3-5),(3-4),Unranked,Unranked
"Week 9, 2019",missouri,kentucky,-22.0,22.0,(5-3),(4-4),Unranked,Unranked
"Week 9, 2019",boston college,clemson,-52.0,52.0,(4-4),(8-0),Unranked,4
"Week 9, 2019",louisiana tech,utep,21.0,-21.0,(7-1),(1-6),Unranked,Unranked
"Week 9, 2019",california,utah,-35.0,35.0,(4-4),(7-1),Unranked,12
"Week 9, 2019",utah state,air force,-24.0,24.0,(4-3),(6-2),Unranked,Unranked
"Week 9, 2019",san diego state,unlv,3.0,-3.0,(7-1),(2-6),Unranked,Unranked
"Week 9, 2019",washington state,oregon,-2.0,2.0,(4-4),(7-1),Unranked,11
"Week 9, 2019",usc,colorado,4.0,-4.0,(5-3),(3-5),Unranked,Unranked
"Week 9, 2019",smu,houston,3.0,-3.0,(8-0),(3-5),16,Unranked
"Week 10, 2019",fresno state,hawaii,3.0,-3.0,(4-4),(5-4),Unranked,Unranked
"Week 10, 2019",boston college,syracuse,31.0,-31.0,(5-4),(3-6),Unranked,Unranked
"Week 10, 2019",houston,ucf,-15.0,15.0,(3-6),(7-2),Unranked,Unranked
"Week 10, 2019",utsa,texas a&m,-31.0,31.0,(3-5),(6-3),Unranked,Unranked
"Week 10, 2019",fcs_team,central michigan,-38.0,38.0,(3-6),(6-4),Unranked,Unranked
"Week 10, 2019",nebraska,purdue,-4.0,4.0,(4-5),(3-6),Unranked,Unranked
"Week 10, 2019",nc state,wake forest,-34.0,34.0,(4-4),(7-1),Unranked,23
"Week 10, 2019",old dominion,fiu,-7.0,7.0,(1-8),(5-4),Unranked,Unranked
"Week 10, 2019",fcs_team,massachusetts,42.0,-42.0,(6-3),(1-8),Unranked,Unranked
"Week 10, 2019",buffalo,eastern michigan,29.0,-29.0,(5-4),(4-5),Unranked,Unranked
"Week 10, 2019",michigan,maryland,31.0,-31.0,(7-2),(3-6),14,Unranked
"Week 10, 2019",akron,bowling green,-29.0,29.0,(0-9),(3-6),Unranked,Unranked
"Week 10, 2019",virginia tech,notre dame,-1.0,1.0,(5-3),(6-2),Unranked,16
"Week 10, 2019",troy,fcs_team,-1.0,1.0,(3-5),(4-4),Unranked,Unranked
"Week 10, 2019",utep,north texas,-26.0,26.0,(1-7),(4-5),Unranked,Unranked
"Week 10, 2019",tcu,oklahoma state,-7.0,7.0,(4-4),(6-3),Unranked,Unranked
"Week 10, 2019",army,air force,-4.0,4.0,(3-6),(7-2),Unranked,Unranked
"Week 10, 2019",unlv,colorado state,-20.0,20.0,(2-7),(4-5),Unranked,Unranked
"Week 10, 2019",arkansas state,fcs_team,7.0,-7.0,(5-4),(3-5),Unranked,Unranked
"Week 10, 2019",marshall,rice,13.0,-13.0,(6-3),(0-9),Unranked,Unranked
"Week 10, 2019",kansas state,kansas,28.0,-28.0,(6-2),(3-6),22,Unranked
"Week 10, 2019",fcs_team,charlotte,-14.0,14.0,(3-6),(4-5),Unranked,Unranked
"Week 10, 2019",georgia,florida,7.0,-7.0,(7-1),(7-2),8,6
"Week 10, 2019",fcs_team,florida state,17.0,-17.0,(5-4),(4-5),Unranked,Unranked
"Week 10, 2019",rutgers,illinois,-28.0,28.0,(2-7),(5-4),Unranked,Unranked
"Week 10, 2019",fau,western kentucky,11.0,-11.0,(6-3),(5-4),Unranked,Unranked
"Week 10, 2019",utah,washington,5.0,-5.0,(8-1),(5-4),9,Unranked
"Week 10, 2019",tulsa,tulane,-12.0,12.0,(2-7),(6-3),Unranked,Unranked
"Week 10, 2019",fcs_team,clemson,-45.0,45.0,(5-3),(9-0),Unranked,4
"Week 10, 2019",fcs_team,arkansas,30.0,-30.0,(4-5),(2-7),Unranked,Unranked
"Week 10, 2019",pittsburgh,georgia tech,10.0,-10.0,(6-3),(2-6),Unranked,Unranked
"Week 10, 2019",oregon state,arizona,18.0,-18.0,(4-4),(4-5),Unranked,Unranked
"Week 10, 2019",texas state,fcs_team,-28.0,28.0,(2-6),(6-2),Unranked,Unranked
"Week 10, 2019",ole miss,auburn,-6.0,6.0,(3-6),(7-2),Unranked,11
"Week 10, 2019",cincinnati,east carolina,3.0,-3.0,(7-1),(3-6),17,Unranked
"Week 10, 2019",fcs_team,tennessee,-23.0,23.0,(6-2),(4-5),Unranked,Unranked
"Week 10, 2019",northwestern,indiana,-31.0,31.0,(1-7),(7-2),Unranked,Unranked
"Week 10, 2019",smu,memphis,-6.0,6.0,(8-1),(8-1),15,24
"Week 10, 2019",vanderbilt,south carolina,-17.0,17.0,(2-6),(4-5),Unranked,Unranked
"Week 10, 2019",virginia,north carolina,7.0,-7.0,(6-3),(4-5),Unranked,Unranked
"Week 10, 2019",oregon,usc,32.0,-32.0,(8-1),(5-4),7,Unranked
"Week 10, 2019",colorado,ucla,-17.0,17.0,(3-6),(4-5),Unranked,Unranked
"Week 10, 2019",brigham young,utah state,28.0,-28.0,(4-4),(4-4),Unranked,Unranked
"Week 10, 2019",boise state,san jose state,10.0,-10.0,(7-1),(4-5),21,Unranked
"Week 10, 2019",new mexico,nevada,-11.0,11.0,(2-7),(5-4),Unranked,Unranked
"Week 10, 2019",navy,connecticut,46.0,-46.0,(7-1),(2-7),Unranked,Unranked
"Week 10, 2019",west virginia,baylor,-3.0,3.0,(3-5),(8-0),Unranked,12
"Week 10, 2019",georgia southern,fcs_team,3.0,-3.0,(5-3),(7-1),Unranked,20
"Week 11, 2019",penn state,minnesota,-5.0,5.0,(8-1),(9-0),4,17
"Week 11, 2019",purdue,northwestern,2.0,-2.0,(4-6),(1-8),Unranked,Unranked
"Week 11, 2019",east carolina,smu,-8.0,8.0,(3-7),(9-1),Unranked,25
"Week 11, 2019",massachusetts,army,-56.0,56.0,(1-9),(4-6),Unranked,Unranked
"Week 11, 2019",western kentucky,arkansas,26.0,-26.0,(6-4),(2-8),Unranked,Unranked
"Week 11, 2019",baylor,tcu,0.0,0.0,(9-0),(4-5),12,Unranked
"Week 11, 2019",florida state,boston college,7.0,-7.0,(5-5),(5-5),Unranked,Unranked
"Week 11, 2019",texas tech,west virginia,21.0,-21.0,(4-5),(3-6),Unranked,Unranked
"Week 11, 2019",vanderbilt,florida,-56.0,56.0,(2-7),(8-2),Unranked,10
"Week 11, 2019",maryland,ohio state,-59.0,59.0,(3-7),(9-0),Unranked,1
"Week 11, 2019",georgia tech,virginia,-5.0,5.0,(2-7),(7-3),Unranked,Unranked
"Week 11, 2019",utsa,old dominion,1.0,-1.0,(4-5),(1-9),Unranked,Unranked
"Week 11, 2019",charlotte,utep,7.0,-7.0,(5-5),(1-8),Unranked,Unranked
"Week 11, 2019",stanford,colorado,-3.0,3.0,(4-5),(4-6),Unranked,Unranked
"Week 11, 2019",south alabama,texas state,-2.0,2.0,(1-8),(3-6),Unranked,Unranked
"Week 11, 2019",fcs_team,southern miss,-35.0,35.0,(6-3),(6-3),Unranked,Unranked
"Week 11, 2019",kansas state,texas,-3.0,3.0,(6-3),(6-3),16,Unranked
"Week 11, 2019",usc,arizona state,5.0,-5.0,(6-4),(5-4),Unranked,Unranked
"Week 11, 2019",georgia southern,troy,-21.0,21.0,(5-4),(4-5),Unranked,Unranked
"Week 11, 2019",lsu,alabama,5.0,-5.0,(9-0),(8-1),2,3
"Week 11, 2019",wake forest,virginia tech,-19.0,19.0,(7-2),(6-3),19,Unranked
"Week 11, 2019",connecticut,cincinnati,-45.0,45.0,(2-8),(8-1),Unranked,20
"Week 11, 2019",louisville,fcs_team,-25.0,25.0,(5-4),(6-4),Unranked,Unranked
"Week 11, 2019",illinois,michigan state,3.0,-3.0,(6-4),(4-5),Unranked,Unranked
"Week 11, 2019",iowa,wisconsin,-2.0,2.0,(6-3),(7-2),18,13
"Week 11, 2019",new mexico state,ole miss,-38.0,38.0,(0-9),(4-6),Unranked,Unranked
"Week 11, 2019",north texas,louisiana tech,-35.0,35.0,(4-6),(8-1),Unranked,Unranked
"Week 11, 2019",fcs_team,fcs_team,-14.0,14.0,(6-3),(4-5),Unranked,Unranked
"Week 11, 2019",fiu,fau,-30.0,30.0,(5-5),(7-3),Unranked,Unranked
"Week 11, 2019",utah state,fresno state,2.0,-2.0,(5-4),(4-5),Unranked,Unranked
"Week 11, 2019",washington state,california,-13.0,13.0,(4-5),(5-4),Unranked,Unranked
"Week 11, 2019",missouri,georgia,-27.0,27.0,(5-4),(8-1),Unranked,6
"Week 11, 2019",fcs_team,south carolina,5.0,-5.0,(8-1),(4-6),Unranked,Unranked
"Week 11, 2019",fcs_team,brigham young,-7.0,7.0,(6-4),(5-4),Unranked,Unranked
"Week 11, 2019",tennessee,kentucky,4.0,-4.0,(5-5),(4-5),Unranked,Unranked
"Week 11, 2019",clemson,nc state,45.0,-45.0,(10-0),(4-5),5,Unranked
"Week 11, 2019",notre dame,duke,31.0,-31.0,(7-2),(4-5),15,Unranked
"Week 11, 2019",iowa state,oklahoma,-1.0,1.0,(5-4),(8-1),Unranked,9
"Week 11, 2019",wyoming,boise state,-3.0,3.0,(6-3),(8-1),Unranked,22
"Week 11, 2019",nevada,san diego state,4.0,-4.0,(6-4),(7-2),Unranked,Unranked
"Week 11, 2019",san jose state,hawaii,-2.0,2.0,(4-6),(6-4),Unranked,Unranked
"Week 11, 2019",ucf,tulsa,-3.0,3.0,(7-3),(3-7),Unranked,Unranked
"Week 11, 2019",washington,oregon state,12.0,-12.0,(6-4),(4-5),Unranked,Unranked
"Week 11, 2019",ul lafayette,fcs_team,41.0,-41.0,(7-2),(4-5),Unranked,Unranked
"Week 11, 2019",temple,south florida,10.0,-10.0,(6-3),(4-5),Unranked,Unranked
"Week 11, 2019",fcs_team,ohio,3.0,-3.0,(5-4),(4-5),Unranked,Unranked
"Week 11, 2019",kent state,toledo,-2.0,2.0,(3-6),(6-3),Unranked,Unranked
"Week 11, 2019",ball state,western michigan,-4.0,4.0,(4-5),(6-4),Unranked,Unranked
"Week 12, 2019",wisconsin,nebraska,16.0,-16.0,(8-2),(4-6),14,Unranked
"Week 12, 2019",massachusetts,northwestern,-39.0,39.0,(1-10),(2-8),Unranked,Unranked
"Week 12, 2019",kansas,oklahoma state,-18.0,18.0,(3-7),(7-3),Unranked,22
"Week 12, 2019",fcs_team,army,-41.0,41.0,(4-7),(5-6),Unranked,Unranked
"Week 12, 2019",florida,missouri,17.0,-17.0,(9-2),(5-5),11,Unranked
"Week 12, 2019",tcu,texas tech,2.0,-2.0,(5-5),(4-6),Unranked,Unranked
"Week 12, 2019",alabama,fcs_team,31.0,-31.0,(9-1),(4-6),5,Unranked
"Week 12, 2019",michigan state,michigan,-34.0,34.0,(4-6),(8-2),Unranked,15
"Week 12, 2019",fcs_team,florida state,-37.0,37.0,(5-5),(6-5),Unranked,Unranked
"Week 12, 2019",tulane,temple,-8.0,8.0,(6-4),(7-3),Unranked,Unranked
"Week 12, 2019",indiana,penn state,-7.0,7.0,(7-3),(9-1),Unranked,9
"Week 12, 2019",utep,fcs_team,-27.0,27.0,(1-9),(7-3),Unranked,Unranked
"Week 12, 2019",navy,notre dame,-32.0,32.0,(7-2),(8-2),23,16
"Week 12, 2019",fcs_team,brigham young,-32.0,32.0,(3-8),(6-4),Unranked,Unranked
"Week 12, 2019",troy,texas state,36.0,-36.0,(5-5),(3-7),Unranked,Unranked
"Week 12, 2019",fcs_team,georgia southern,-22.0,22.0,(4-6),(6-4),Unranked,Unranked
"Week 12, 2019",fcs_team,fcs_team,-1.0,1.0,(4-6),(6-4),Unranked,Unranked
"Week 12, 2019",memphis,houston,18.0,-18.0,(9-1),(3-7),18,Unranked
"Week 12, 2019",georgia,auburn,7.0,-7.0,(9-1),(7-3),4,12
"Week 12, 2019",west virginia,kansas state,4.0,-4.0,(4-6),(6-4),Unranked,24
"Week 12, 2019",kentucky,vanderbilt,24.0,-24.0,(5-5),(2-8),Unranked,Unranked
"Week 12, 2019",texas,iowa state,-2.0,2.0,(6-4),(6-4),19,Unranked
"Week 12, 2019",ohio state,rutgers,35.0,-35.0,(10-0),(2-8),2,Unranked
"Week 12, 2019",central michigan,ball state,1.0,-1.0,(7-4),(4-6),Unranked,Unranked
"Week 12, 2019",wake forest,clemson,-49.0,49.0,(7-3),(11-0),Unranked,3
"Week 12, 2019",virginia tech,georgia tech,45.0,-45.0,(7-3),(2-8),Unranked,Unranked
"Week 12, 2019",hawaii,unlv,14.0,-14.0,(7-4),(2-8),Unranked,Unranked
"Week 12, 2019",wyoming,utah state,-5.0,5.0,(6-4),(6-4),Unranked,Unranked
"Week 12, 2019",minnesota,iowa,-4.0,4.0,(9-1),(7-3),8,20
"Week 12, 2019",fcs_team,new mexico state,-13.0,13.0,(5-6),(1-9),Unranked,Unranked
"Week 12, 2019",syracuse,duke,43.0,-43.0,(4-6),(4-6),Unranked,Unranked
"Week 12, 2019",stanford,washington state,-27.0,27.0,(4-6),(5-5),Unranked,Unranked
"Week 12, 2019",rice,fcs_team,3.0,-3.0,(1-9),(3-7),Unranked,Unranked
"Week 12, 2019",fcs_team,south alabama,10.0,-10.0,(8-2),(1-9),Unranked,Unranked
"Week 12, 2019",southern miss,utsa,19.0,-19.0,(7-3),(4-6),Unranked,Unranked
"Week 12, 2019",cincinnati,south florida,3.0,-3.0,(9-1),(4-6),17,Unranked
"Week 12, 2019",air force,colorado state,17.0,-17.0,(8-2),(4-6),Unranked,Unranked
"Week 12, 2019",lsu,ole miss,21.0,-21.0,(10-0),(4-7),1,Unranked
"Week 12, 2019",south carolina,texas a&m,-24.0,24.0,(4-7),(7-3),Unranked,Unranked
"Week 12, 2019",arizona state,oregon state,-1.0,1.0,(5-5),(5-5),Unranked,Unranked
"Week 12, 2019",oklahoma,baylor,3.0,-3.0,(9-1),(9-1),10,13
"Week 12, 2019",fcs_team,fcs_team,29.0,-29.0,(9-1),(6-4),25,Unranked
"Week 12, 2019",louisville,nc state,14.0,-14.0,(6-4),(4-6),Unranked,Unranked
"Week 12, 2019",ucla,utah,-46.0,46.0,(4-6),(9-1),Unranked,7
"Week 12, 2019",new mexico,boise state,-33.0,33.0,(2-8),(9-1),Unranked,21
"Week 12, 2019",arizona,oregon,-28.0,28.0,(4-6),(9-1),Unranked,6
"Week 12, 2019",usc,california,24.0,-24.0,(7-4),(5-5),Unranked,Unranked
"Week 12, 2019",louisiana tech,marshall,-21.0,21.0,(8-2),(7-3),Unranked,Unranked
"Week 12, 2019",fresno state,san diego state,-10.0,10.0,(4-6),(8-2),Unranked,Unranked
"Week 12, 2019",buffalo,kent state,-3.0,3.0,(5-5),(4-6),Unranked,Unranked
"Week 12, 2019",north carolina,pittsburgh,-7.0,7.0,(4-6),(7-3),Unranked,Unranked
"Week 12, 2019",fcs_team,toledo,3.0,-3.0,(4-6),(6-4),Unranked,Unranked
"Week 12, 2019",bowling green,fcs_team,-41.0,41.0,(3-7),(6-4),Unranked,Unranked
"Week 12, 2019",eastern michigan,akron,28.0,-28.0,(5-5),(0-10),Unranked,Unranked
"Week 12, 2019",western michigan,ohio,3.0,-3.0,(7-4),(4-6),Unranked,Unranked
